"customer_segment","total_ltv","customer_count","avg_ltv"
"3 - High Value",135429277.26549852,"12372",10946.433661938128
"2 - Mid Value",66636451.78723873,"24743",2693.1435875697666
"1 - Low Value",4341809.527328142,"12372",350.9383711063807
